{"Mean":{"confidence_interval":{"confidence_level":0.95,"lower_bound":16897153.384248924,"upper_bound":17299895.125863552},"point_estimate":17077506.404655498,"standard_error":103149.19542947461},"Median":{"confidence_interval":{"confidence_level":0.95,"lower_bound":16796623.24511241,"upper_bound":16969432.277777776},"point_estimate":16883387.542857144,"standard_error":43987.215146193106},"MedianAbsDev":{"confidence_interval":{"confidence_level":0.95,"lower_bound":314664.6384441195,"upper_bound":653821.2270711402},"point_estimate":476182.1142764534,"standard_error":85722.26016324373},"Slope":{"confidence_interval":{"confidence_level":0.95,"lower_bound":16823265.427978076,"upper_bound":17050792.72526217},"point_estimate":16928156.96171716,"standard_error":58000.98972662543},"StdDev":{"confidence_interval":{"confidence_level":0.95,"lower_bound":541500.3926141219,"upper_bound":1519276.6567523838},"point_estimate":1038694.4015079994,"standard_error":264161.16094720183}}