{"Mean":{"confidence_interval":{"confidence_level":0.95,"lower_bound":8033524.288404108,"upper_bound":8134277.752056912},"point_estimate":8079882.7895296775,"standard_error":25806.456021539707},"Median":{"confidence_interval":{"confidence_level":0.95,"lower_bound":7976466.955,"upper_bound":8060082.421052632},"point_estimate":7999751.914285714,"standard_error":24402.63848240685},"MedianAbsDev":{"confidence_interval":{"confidence_level":0.95,"lower_bound":97826.49577397472,"upper_bound":176213.72469691408},"point_estimate":129483.71831411679,"standard_error":21685.09404895108},"Slope":{"confidence_interval":{"confidence_level":0.95,"lower_bound":8001831.582553086,"upper_bound":8086254.705577304},"point_estimate":8040795.9709620215,"standard_error":21566.998092201564},"StdDev":{"confidence_interval":{"confidence_level":0.95,"lower_bound":152536.47144944372,"upper_bound":358136.11605653184},"point_estimate":259784.91857000586,"standard_error":53132.50693804988}}