{"Mean":{"confidence_interval":{"confidence_level":0.95,"lower_bound":0.013563971982771202,"upper_bound":0.04140018937592213},"point_estimate":0.02685911996230428,"standard_error":0.007100509569428662},"Median":{"confidence_interval":{"confidence_level":0.95,"lower_bound":0.01235568074622595,"upper_bound":0.028230948418443313},"point_estimate":0.02100384271224054,"standard_error":0.00400620334212019}}