{"Mean":{"confidence_interval":{"confidence_level":0.95,"lower_bound":-0.0007495722504636563,"upper_bound":0.022629187102778548},"point_estimate":0.011290811274418333,"standard_error":0.005963115727091498},"Median":{"confidence_interval":{"confidence_level":0.95,"lower_bound":0.00013659096688534156,"upper_bound":0.015551353246376909},"point_estimate":0.006556780005975371,"standard_error":0.004050409916009227}}